Product Name,Price (INR),RAM,ROM,Rating Count,Review Count
"OnePlus Nord CE4 lite 5G (MEGA BLUE, 128 GB)",16412,8 GB,128 GB,13917,684
"realme 14 Pro+ 5G (Suede Grey, 256 GB)",34999,12 GB,256 GB,3026,428
"REDMI 14C 5G (Stargaze Black, 128 GB)",10499,4 GB,128 GB,740,52
"REDMI Note 14 Pro 5G (Black, 128 GB)",23999,8 GB,128 GB,2327,195
"Motorola g45 5G (Brilliant Blue, 128 GB)",9999,4 GB,128 GB,33219,2150
"POCO M7 Pro 5G (Lavender Frost, 128 GB)",13499,6 GB,128 GB,6528,700
"REDMI Note 14 Pro 5G (Phantom Purple, 128 GB)",23999,8 GB,128 GB,2327,195
"vivo T4x 5G (Marine Blue, 256 GB)",16999,8 GB,256 GB,13775,895
"OnePlus Nord CE4 lite 5G (SUPER SILVER, 128 GB)",16443,8 GB,128 GB,13917,684
"SAMSUNG Galaxy F06 5G (Bahama Blue, 128 GB)",9199,4 GB,128 GB,1510,124
"realme P2 Pro 5G (Parrot Green, 256 GB)",19999,12 GB,256 GB,10847,886
"REDMI 13 5G (Orchid Pink, 128 GB)",12499,6 GB,128 GB,28994,1525
"SAMSUNG Galaxy M35 5G (Thunder Grey, 128 GB)",14589,6 GB,128 GB,9403,774
"realme P1 5G (Feather Blue, 128 GB)",13999,6 GB,128 GB,96904,5687
"Nokia 105 Single SIM, Keypad Mobile Phone with Wireless FM Radio",1172,,,144204,8849
"SAMSUNG M35 5G (Moonlight Blue, 128 GB)",14485,6 GB,128 GB,3885,307
"Motorola G85 5G (Olive Green, 128 GB)",16999,8 GB,128 GB,158837,8562
"Motorola Edge 50 Fusion (Forest Blue, 256 GB)",24999,12 GB,256 GB,133297,9356
"POCO M7 Pro 5G (Lunar Dust, 128 GB)",13499,6 GB,128 GB,6528,700
"realme P2 Pro 5G (Parrot Green, 512 GB)",22999,12 GB,512 GB,10847,886
"Motorola g45 5G (Brilliant Blue, 128 GB)",11999,8 GB,128 GB,130148,6857
"IQOO z9x (Storm Grey, 128 GB)",13023,6 GB,128 GB,6155,302
"REDMI 13 5G (Black Diamond, 128 GB)",13999,8 GB,128 GB,6710,383
"realme P2 Pro 5G (Eagle Grey, 128 GB)",18999,8 GB,128 GB,10601,760
"realme GT 6 (Fluid Silver, 512 GB)",37999,16 GB,512 GB,4213,483
"Motorola g64 5G (Ice Lilac, 128 GB)",12999,8 GB,128 GB,49721,3142
"REDMI 14C 5G (Stargaze Black, 128 GB)",10499,4 GB,128 GB,740,52
"REDMI Note 14 Pro 5G (Black, 128 GB)",23999,8 GB,128 GB,2327,195
"Nothing Phone (3a) (White, 256 GB)",26999,8 GB,256 GB,9864,1111
"Motorola Edge 50 Fusion (Marshmallow Blue, 128 GB)",22999,8 GB,128 GB,107586,7143
"Nokia 105 Single SIM, Keypad Mobile Phone with Wireless FM Radio",1172,,,144204,8849
"SAMSUNG Galaxy S24+ 5G (Cobalt Violet, 256 GB)",54999,12 GB,256 GB,6149,475
"REDMI Note 14 Pro 5G (Phantom Purple, 128 GB)",23999,8 GB,128 GB,2327,195
"SAMSUNG Galaxy F06 5G (Bahama Blue, 128 GB)",10699,6 GB,128 GB,1429,141
"vivo T3 Pro 5G (Sandstone Orange, 128 GB)",22999,8 GB,128 GB,59745,4043
"realme 70 TURBO 5G (Turbo Green, 128 GB)",14210,6 GB,128 GB,3451,283
"Infinix Note 40X 5G (Palm Blue, 256 GB)",13999,12 GB,256 GB,27988,1916
"Motorola G85 5G (Urban Grey, 256 GB)",18999,12 GB,256 GB,62677,3510
"Motorola G85 5G (Viva Magenta, 128 GB)",16999,8 GB,128 GB,158837,8562
"SAMSUNG Galaxy A05 (Light Green, 128 GB)",8621,6 GB,128 GB,960,49
"realme 14x 5G (Jewel Red, 128 GB)",14999,6 GB,128 GB,5259,259
"IQOO z9x (Tornado Green, 128 GB)",12936,6 GB,128 GB,6155,302
"Infinix Hot 50 5G (Vibrant Blue, 128 GB)",9499,4 GB,128 GB,4153,330
"IQOO Z9s 5G (Onyx Green, 128 GB)",18869,8 GB,128 GB,3604,230
"MOTOROLA Edge 50 (Peach Fuzz, 256 GB)",21999,8 GB,256 GB,28122,2087
"IQOO Z9S 5G (Onyx Green, 256 GB)",21199,8 GB,256 GB,3604,230
"vivo T3 Lite 5G (Vibrant Green, 128 GB)",10499,4 GB,128 GB,59614,2035
"vivo T3 Ultra (Frost Green, 128 GB)",29999,8 GB,128 GB,14080,1240
"realme 14x 5G (Crystal Black, 128 GB)",14999,6 GB,128 GB,5259,259
"IQOO Z9s 5G (Onyx Green, 128 GB)",18869,8 GB,128 GB,3604,230
"MOTOROLA Edge 50 (Peach Fuzz, 256 GB)",21999,8 GB,256 GB,28122,2087
"POCO M6 Plus 5G (Misty Lavender, 128 GB)",11499,8 GB,128 GB,7338,491
"REDMI 14C 5G (Stargaze Black, 128 GB)",10499,4 GB,128 GB,740,52
"REDMI Note 14 Pro 5G (Black, 128 GB)",23999,8 GB,128 GB,2327,195
"SAMSUNG Galaxy M35 5G (Moonlight Blue, 128 GB)",17368,8 GB,128 GB,1064,84
"POCO M7 5G (Satin Black, 128 GB)",9999,6 GB,128 GB,3671,255
"REDMI Note 14 Pro 5G (Phantom Purple, 128 GB)",23999,8 GB,128 GB,2327,195
"OnePlus Nord CE4 lite 5G (ULTRA ORANGE, 128 GB)",16477,8 GB,128 GB,13917,684
"vivo T3 Pro 5G (Sandstone Orange, 128 GB)",22999,8 GB,128 GB,59745,4043
"Infinix SMART 9 HD (Neo Titanium, 64 GB)",6699,3 GB,64 GB,939,71
Kechaoda A26,897,,,26341,1518
"POCO C61 (Mystical Green, 64 GB)",6980,4 GB,64 GB,93814,3984
"SAMSUNG Galaxy S24 FE 5G (Graphite, 256 GB)",47999,8 GB,256 GB,695,59
"IQOO Z9x (Storm Grey, 128 GB)",11412,4 GB,128 GB,1778,90
"POCO C61 (Diamond Dust Black, 64 GB)",6975,4 GB,64 GB,93814,3984
"SAMSUNG Galaxy F06 5G (Lit Violet, 128 GB)",10699,6 GB,128 GB,1429,141
"REDMI 13 5G (Hawaiian Blue, 128 GB)",12364,6 GB,128 GB,28994,1525
"REDMI 13 5G (Orchid Pink, 128 GB)",13999,8 GB,128 GB,6710,383
"vivo T3 Lite 5G (Vibrant Green, 128 GB)",11499,6 GB,128 GB,90068,3198
"realme P3 5G (Space Silver, 128 GB)",17999,8 GB,128 GB,1280,121
"IQOO Z9S 5G (Titanium Matte, 256 GB)",21249,8 GB,256 GB,3604,230
"Motorola g64 5G (Ice Lilac, 256 GB)",14999,12 GB,256 GB,74178,4791
"REDMI 14C 5G (Stargaze Black, 128 GB)",10499,4 GB,128 GB,740,52
"REDMI Note 14 Pro 5G (Black, 128 GB)",23999,8 GB,128 GB,2327,195
"Motorola g45 5G (Viva Magenta, 128 GB)",9999,4 GB,128 GB,33219,2150
"OPPO K12x 5G with 45W SUPERVOOC Charger In-The-Box (Breeze Blue, 128 GB)",12999,6 GB,128 GB,152045,5469
"REDMI Note 14 Pro 5G (Phantom Purple, 128 GB)",23999,8 GB,128 GB,2327,195
itel it5330 | 2.8 inch Big Display | 1900 mAh Battery | Kingvoice,1298,,,9515,594
"realme P1 5G (Peacock Green, 128 GB)",13999,6 GB,128 GB,96904,5687
"vivo V50 5G (Rose Red, 256 GB)",36999,8 GB,256 GB,2385,259
"Infinix Hot 50 5G (Sage Green, 128 GB)",10499,8 GB,128 GB,13943,1032
"SAMSUNG Galaxy M35 5G (DayBreak Blue, 128 GB)",14488,6 GB,128 GB,9403,774
"SAMSUNG Galaxy A05 (Black, 128 GB)",8877,6 GB,128 GB,960,49
"vivo T3 Pro 5G (Sandstone Orange, 256 GB)",24999,8 GB,256 GB,59745,4043
"vivo V50 5G (Rose Red, 128 GB)",34999,8 GB,128 GB,2385,259
"Apple 13 (Midnight, 128 GB)",44999,,128 GB,98026,4146
"realme P1 5G (Phoenix Red, 128 GB)",13999,6 GB,128 GB,96904,5687
"Motorola Edge 50 Fusion (Marshmallow Blue, 256 GB)",24999,12 GB,256 GB,133297,9356
"Apple iPhone 13 (Starlight, 128 GB)",44999,,128 GB,190791,9683
"REDMI 13 5G (Black Diamond, 128 GB)",12766,6 GB,128 GB,28994,1525
"Motorola Edge 50 Fusion (Hot Pink, 256 GB)",24999,12 GB,256 GB,133297,9356
"POCO M7 Pro 5G (Lavender Frost, 256 GB)",15499,8 GB,256 GB,3008,409
"REDMI 13 5G (Orchid Pink, 128 GB)",12350,6 GB,128 GB,28994,1525
"POCO M7 Pro 5G (Olive Twilight, 128 GB)",13499,6 GB,128 GB,6528,700
"SAMSUNG M05 (Mint Green, 64 GB)",6943,4 GB,64 GB,1673,78
"Motorola Edge 50 Fusion (Forest Green, 256 GB)",24999,12 GB,256 GB,133297,9356
"REDMI 14C 5G (Stargaze Black, 128 GB)",10499,4 GB,128 GB,740,52
"REDMI Note 14 Pro 5G (Black, 128 GB)",23999,8 GB,128 GB,2327,195
"realme P2 Pro 5G (Eagle Grey, 512 GB)",22999,12 GB,512 GB,10847,886
"SAMSUNG Galaxy F16 5G (Bling Black, 128 GB)",12999,6 GB,128 GB,459,41
"Nokia 105 Single SIM, Keypad Mobile Phone with Wireless FM Radio",1199,,,144204,8849
"REDMI 13 5G (Orchid Pink, 128 GB)",13899,8 GB,128 GB,6710,383
"REDMI Note 14 Pro 5G (Phantom Purple, 128 GB)",23999,8 GB,128 GB,2327,195
"realme P2 Pro 5G (Parrot Green, 128 GB)",18999,8 GB,128 GB,10601,760
"realme P2 Pro 5G (Parrot Green, 256 GB)",19999,12 GB,256 GB,10847,886
"realme P2 Pro 5G (Eagle Grey, 128 GB)",18999,8 GB,128 GB,10601,760
"realme P2 Pro 5G (Eagle Grey, 256 GB)",19999,12 GB,256 GB,10847,886
"REDMI 13 5G (Orchid Pink, 128 GB)",12499,6 GB,128 GB,28994,1525
"Nothing Phone (3a) (Blue, 128 GB)",24999,8 GB,128 GB,9864,1111
"realme P3x 5G (Lunar Silver, 128 GB)",13999,6 GB,128 GB,4983,138
"realme P3x 5G (Stellar Pink, 128 GB)",13999,6 GB,128 GB,4983,138
"realme P3x 5G (Lunar Silver, 128 GB)",14999,8 GB,128 GB,1592,72
"Nothing Phone (3a) (Black, 128 GB)",24999,8 GB,128 GB,9864,1111
Kechaoda A26,899,,,26341,1518
"OPPO K12x 5G with 45W SUPERVOOC Charger In-The-Box (Feather Pink, 128 GB)",12999,6 GB,128 GB,152045,5469
"SAMSUNG Galaxy S25 Ultra 5G (Titanium Black, 256 GB)",129999,12 GB,256 GB,1015,126
"OnePlus Nord CE4 lite 5G (MEGA BLUE, 256 GB)",21986,8 GB,256 GB,13917,684
"Motorola Edge 50 Neo (PANTONE Nautical Blue, 256 GB)",20999,8 GB,256 GB,23046,2317
"Nothing Phone (3a) (Black, 256 GB)",26999,8 GB,256 GB,9864,1111
"OnePlus Nord CE4 lite 5G (MEGA BLUE, 128 GB)",16412,8 GB,128 GB,13917,684
"Apple iPhone 16 Pro (Desert Titanium, 128 GB)",112900,,128 GB,1247,74
"realme P3x 5G (Midnight Blue, 128 GB)",14999,8 GB,128 GB,1592,72
"REDMI 14C 5G (Stargaze Black, 128 GB)",10499,4 GB,128 GB,740,52
"REDMI Note 14 Pro 5G (Black, 128 GB)",23999,8 GB,128 GB,2327,195
"OnePlus Nord CE4 lite 5G (SUPER SILVER, 256 GB)",23780,8 GB,256 GB,13917,684
"realme P3x 5G (Midnight Blue, 128 GB)",13999,6 GB,128 GB,4983,138
"REDMI Note 14 Pro 5G (Phantom Purple, 128 GB)",23999,8 GB,128 GB,2327,195
"realme P3x 5G (Stellar Pink, 128 GB)",14999,8 GB,128 GB,1592,72
"Nothing Phone (3a) (White, 128 GB)",24999,8 GB,128 GB,9864,1111
Kechaoda A27,898,,,13411,794
"POCO M6 Plus 5G (Misty Lavender, 128 GB)",11499,8 GB,128 GB,7338,491
"realme C61 (Safari Green, 128 GB)",8199,6 GB,128 GB,12628,449
"realme C61 (Marble Black, 128 GB)",8199,6 GB,128 GB,12628,449
"MOTOROLA g35 5G (Guava Red, 128 GB)",9999,4 GB,128 GB,32397,2650
"Apple 16 Pro Max (Desert Titanium, 256 GB)",135900,,256 GB,349,28
Kechaoda A27,894,,,13411,794
"Apple iPhone 16 Pro (Desert Titanium, 1 TB)",162900,,,1247,74
"OnePlus Nord CE4 lite 5G (SUPER SILVER, 128 GB)",16443,8 GB,128 GB,13917,684
"OnePlus Nord CE4 lite 5G (ULTRA ORANGE, 128 GB)",16477,8 GB,128 GB,13917,684
"realme P2 Pro 5G (Parrot Green, 512 GB)",22999,12 GB,512 GB,10847,886
"SAMSUNG Galaxy M35 5G (Thunder Grey, 256 GB)",22395,8 GB,256 GB,1064,84
"Infinix Note 40X 5G (Palm Blue, 256 GB)",13999,12 GB,256 GB,27988,1916
"Nothing Phone (3a) Pro (Grey, 256 GB)",31999,8 GB,256 GB,1809,226
"MOTOROLA Edge 50 (Peach Fuzz, 256 GB)",21999,8 GB,256 GB,28122,2087
"SAMSUNG S25 Ultra 5G (Titanium Black, 512 GB)",141999,12 GB,512 GB,362,41
"Apple iPhone 16 Pro (Desert Titanium, 256 GB)",122900,,256 GB,1247,74
"REDMI 14C 5G (Stargaze Black, 128 GB)",10499,4 GB,128 GB,740,52
"REDMI Note 14 Pro 5G (Black, 128 GB)",23999,8 GB,128 GB,2327,195
"Motorola g64 5G (Pearl Blue, 128 GB)",12999,8 GB,128 GB,49721,3142
"SAMSUNG Glaxy F06 5G (Lit Violet, 128 GB)",9199,4 GB,128 GB,788,66
"Motorola g64 5G (Pearl Blue, 256 GB)",14999,12 GB,256 GB,74178,4791
"Nothing Phone (3a) (Blue, 256 GB)",26999,8 GB,256 GB,9864,1111
"REDMI Note 14 Pro 5G (Phantom Purple, 128 GB)",23999,8 GB,128 GB,2327,195
"Nothing Phone (3a) (White, 256 GB)",26999,8 GB,256 GB,9864,1111
"Nothing Phone (3a) Pro (Black, 128 GB)",29999,8 GB,128 GB,1809,226
"Apple iPhone 15 Plus (Pink, 128 GB)",74900,,128 GB,24535,1382
"vivo T3 Ultra (Frost Green, 128 GB)",29999,8 GB,128 GB,14080,1240
"vivo T3 Ultra (Lunar Gray, 256 GB)",31999,8 GB,256 GB,14080,1240
"vivo T3 Ultra (Lunar Gray, 128 GB)",29999,8 GB,128 GB,14080,1240
"Apple 16 Pro (Desert Titanium, 512 GB)",142900,,512 GB,16,0
"SAMSUNG M05 (Mint Green, 64 GB)",6943,4 GB,64 GB,1673,78
"realme 70 TURBO 5G (Turbo Green, 128 GB)",15472,8 GB,128 GB,1274,84
"realme 70 TURBO 5G (Turbo Purple, 128 GB)",15450,8 GB,128 GB,1274,84
"Google Pixel 8a (Porcelain, 128 GB)",37999,8 GB,128 GB,3956,346
"realme 70 5G (Turbo Yellow, 128 GB)",15375,8 GB,128 GB,1206,115
"Apple iPhone 15 (Pink, 128 GB)",64400,,128 GB,114030,3864
"MOTOROLA Edge 50 (Koala Grey, 256 GB)",21999,8 GB,256 GB,28122,2087
"Nothing Phone (3a) Pro (Black, 256 GB)",31999,8 GB,256 GB,1809,226
"REDMI 14C 5G (Stargaze Black, 128 GB)",10499,4 GB,128 GB,740,52
"REDMI Note 14 Pro 5G (Black, 128 GB)",23999,8 GB,128 GB,2327,195
"vivo T3x 5G (Sapphire Blue, 128 GB)",15499,8 GB,128 GB,28614,1448
"Infinix Hot 50 5G (Sleek Black, 128 GB)",9499,4 GB,128 GB,4153,330
"Infinix Hot 50 5G (Sage Green, 128 GB)",9499,4 GB,128 GB,4153,330
"Infinix Hot 50 5G (Vibrant Blue, 128 GB)",9499,4 GB,128 GB,4153,330
"REDMI Note 14 Pro 5G (Phantom Purple, 128 GB)",23999,8 GB,128 GB,2327,195
"SAMSUNG S25 Ultra 5G (Titanium Silverblue, 1024 GB)",165999,12 GB,1024 GB,362,41
"OnePlus Nord CE4 (Dark Chrome, 256 GB)",24347,8 GB,256 GB,20448,1172
"OnePlus 13R 5G (Astral Trail, 512 GB)",45490,16 GB,512 GB,124,10
"REDMI 13 5G (Hawaiian Blue, 128 GB)",12364,6 GB,128 GB,28994,1525
"vivo T3x 5G (Sapphire Blue, 128 GB)",12499,4 GB,128 GB,54092,2167
"realme P3 5G (Nebula Pink, 128 GB)",17999,8 GB,128 GB,1280,121
"realme P3 5G (Space Silver, 128 GB)",17999,8 GB,128 GB,1280,121
Kechaoda K115,997,,,39285,2591
"SAMSUNG Galaxy S25 Ultra 5G (Titanium Silverblue, 512 GB)",141999,12 GB,512 GB,1015,126
"realme GT 6 (Razor Green, 256 GB)",35999,12 GB,256 GB,965,97
"REDMI 13 5G (Orchid Pink, 128 GB)",12499,6 GB,128 GB,28994,1525
"realme P1 5G (Peacock Green, 256 GB)",15999,8 GB,256 GB,48180,2684
Kechaoda K115,998,,,39285,2591
"vivo Y18t (Gem Green, 128 GB)",8499,4 GB,128 GB,217,6
Kechaoda K115,994,,,39285,2591
"OnePlus Nord CE 3 Lite 5G (Pastel Lime, 256 GB)",21990,8 GB,256 GB,165403,8443
"SAMSUNG Galaxy S24+ 5G (Cobalt Violet, 256 GB)",59890,12 GB,256 GB,6149,475
"REDMI 14C 5G (Stargaze Black, 128 GB)",10499,4 GB,128 GB,740,52
"REDMI Note 14 Pro 5G (Black, 128 GB)",23999,8 GB,128 GB,2327,195
"Apple iPhone 16 Pro Max (Black Titanium, 512 GB)",155900,,512 GB,318,17
"Apple iPhone 16 Pro (Black Titanium, 1 TB)",162900,,,1247,74
"IQOO Z9S 5G (Onyx Green, 256 GB)",27990,12 GB,256 GB,232,11
"OnePlus Nord CE 3 Lite 5G (Pastel Lime, 256 GB)",21990,8 GB,256 GB,165403,8443
"REDMI Note 14 Pro 5G (Phantom Purple, 128 GB)",23999,8 GB,128 GB,2327,195
"Apple 16 Plus (Pink, 256 GB)",94900,,256 GB,911,50
"realme 70 TURBO 5G (Turbo Yellow, 128 GB)",14239,6 GB,128 GB,3451,283
"POCO X7 Pro 5G (Obsidian Black, 256 GB)",25999,8 GB,256 GB,4169,786
"Infinix Note 40 Pro 5G (Vintage Green, 256 GB)",18999,8 GB,256 GB,31556,2136
"Apple iPhone 16 Pro (Black Titanium, 512 GB)",142900,,512 GB,1247,74
Kechaoda A26,897,,,26341,1518
"Apple iPhone 16 (Pink, 256 GB)",84990,,256 GB,7143,339
Nokia 105 Classic without Charger,1249,,,3775,165
"Apple iPhne 16 Plus (Pink, 128 GB)",84900,,128 GB,72,4
"POCO F6 5G (Titanium, 512 GB)",26999,12 GB,512 GB,6358,633
"IQOO z9x (Storm Grey, 128 GB)",13023,6 GB,128 GB,6155,302
"Apple iPhe 16 Plus (Ultramarine, 512 GB)",114900,,512 GB,4,1
"realme P3 Pro 5G (Saturn Brown, 256 GB)",24999,8 GB,256 GB,1628,183
"realme P3 Pro 5G (Nebula Glow, 256 GB)",24999,8 GB,256 GB,1628,183
"Apple iPhone 16 Pro (Black Titanium, 256 GB)",122900,,256 GB,1247,74
"realme P3 Pro 5G (Galaxy Purple, 256 GB)",24999,8 GB,256 GB,1628,183
"Motorola Edge 50 Fusion (Forest Green, 256 GB)",24999,12 GB,256 GB,133297,9356
"realme C63 (Leather Blue, 128 GB)",8999,4 GB,128 GB,10449,532
itel it2175 Pro | 2 inch Big Display | 1200 mAh Battery | Kingvoice,939,,,1346,53
"REDMI 14C 5G (Stargaze Black, 128 GB)",10499,4 GB,128 GB,740,52
"REDMI Note 14 Pro 5G (Black, 128 GB)",23999,8 GB,128 GB,2327,195
"Google Pixel 8a (Obsidian, 256 GB)",44999,8 GB,256 GB,3956,346
"realme Narzo N65 5G (Ambr Gold, 128 GB)",11148,6 GB,128 GB,2448,114
"REDMI Note 14 Pro 5G (Phantom Purple, 128 GB)",23999,8 GB,128 GB,2327,195
"REDMI 13 5G (Black Diamond, 128 GB)",12766,6 GB,128 GB,28994,1525
"REDMI Note 13 Pro 5G (Scarlet Red, 128 GB)",17499,8 GB,128 GB,36197,2861
"OnePlus Nord CE4 (Celadon Marble, 128 GB)",22900,8 GB,128 GB,20448,1172
"POCO M6 Plus 5G (Ice Silver, 128 GB)",10499,6 GB,128 GB,33372,2060
"realme 14 Pro 5G (Suede Grey, 256 GB)",26999,8 GB,256 GB,4099,391
"OnePlus 13R 5G (Nebula Noir, 256 GB)",40871,12 GB,256 GB,554,53
"Infinix SMART 9 HD (Neo Titanium, 64 GB)",6699,3 GB,64 GB,939,71
"Infinix SMART 9 HD (Metallic Black, 64 GB)",6699,3 GB,64 GB,939,71
Nokia 105 Classic without Charger,1249,,,3775,165
"Apple iPhone 16 Pro (Natural Titanium, 512 GB)",142900,,512 GB,1247,74
"realme 70 TURBO 5G (Turbo Green, 128 GB)",14210,6 GB,128 GB,3451,283
itel it5330 | 2.8 inch Big Display | 1900 mAh Battery | Kingvoice,1298,,,9515,594
"REDMI 13 5G (Black Diamond, 128 GB)",13732,8 GB,128 GB,6710,383
"IQOO Z9S 5G (Onyx Green, 256 GB)",21199,8 GB,256 GB,3604,230
"POCO M6 Plus 5G (Ice Silver, 128 GB)",11499,8 GB,128 GB,7338,491
"realme 14 Pro 5G (Pearl White, 128 GB)",24999,8 GB,128 GB,4099,391
"realme 14 Pro 5G (Suede Grey, 128 GB)",24999,8 GB,128 GB,4099,391
"OPPO F29 5G (Glacier Blue, 128 GB)",23999,8 GB,128 GB,148,18
"Apple iPhone 16 Pro (Natural Titanium, 1 TB)",162900,,,1247,74
"SAMSUNG Galaxy A36 5G (Awesome Lavender, 256 GB)",33999,8 GB,256 GB,78,6
"OPPO F29 5G (Solid Purple, 128 GB)",23999,8 GB,128 GB,148,18
"REDMI 14C 5G (Stargaze Black, 128 GB)",10499,4 GB,128 GB,740,52
"REDMI Note 14 Pro 5G (Black, 128 GB)",23999,8 GB,128 GB,2327,195
"Apple iPhone 16 Pro Max (Natural Titanium, 256 GB)",135900,,256 GB,318,17
"OnePlus 12R (Sunset Dune, 256 GB)",35900,8 GB,256 GB,6955,453
"REDMI Note 14 Pro 5G (Phantom Purple, 128 GB)",23999,8 GB,128 GB,2327,195
"Apple 16 Pro Max (Natural Titanium, 512 GB)",155900,,512 GB,349,28
"OnePlus Nord 4 5G (Mercurial Silver, 256 GB)",27999,8 GB,256 GB,1422,93
"OnePlus Nord 4 5G (Oasis Green, 256 GB)",27852,8 GB,256 GB,1422,93
"realme P1 5G (Phoenix Red, 256 GB)",15999,8 GB,256 GB,48180,2684
"realme NARZO N65 5G (DEEP GREEN, 128 GB)",11550,6 GB,128 GB,2448,114
"Infinix GT 20 Pro (Mecha Silver, 256 GB)",24999,8 GB,256 GB,14069,1091
"Apple 14 Plus (Blue, 128 GB)",69900,,128 GB,47238,2718
"Infinix GT 20 Pro (Mecha Orange, 256 GB)",24999,8 GB,256 GB,14069,1091
"vivo V40e 5G (Mint Green, 128 GB)",26999,8 GB,128 GB,7190,516
"Google Pixel 9 (Porcelain, 256 GB)",74999,12 GB,256 GB,2506,260
"OnePlus 12R (Iron Gray, 256 GB)",33475,8 GB,256 GB,6955,453
"OnePlus 12R (Cool Blue, 256 GB)",42000,16 GB,256 GB,4290,269
"realme GT 6 (Fluid Silver, 256 GB)",35999,12 GB,256 GB,965,97
"realme C63 (Jade Green, 64 GB)",8499,4 GB,64 GB,10449,532
"REDMI 13c 5G (Startrail Green, 128 GB)",10998,4 GB,128 GB,43048,1750
"REDMI 14C 5G (Stargaze Black, 128 GB)",10499,4 GB,128 GB,740,52
"REDMI Note 14 Pro 5G (Black, 128 GB)",23999,8 GB,128 GB,2327,195
"POCO X7 Pro 5G (Yellow, 256 GB)",27999,12 GB,256 GB,2365,352
hmd 105 Dual Sim,1047,,,1071,98
"REDMI Note 14 Pro 5G (Phantom Purple, 128 GB)",23999,8 GB,128 GB,2327,195
MOTOROLA A10V DS Keypad Phone with Voice Feature|800 mAh Battery|Wireless FM Recording,1218,,,5059,309
"POCO M7 Pro 5G (Lavender Frost, 256 GB)",15499,8 GB,256 GB,3008,409
"realme 14 Pro+ 5G (Pearl White, 256 GB)",31999,8 GB,256 GB,4662,757
"POCO C61 (Diamond Dust Black, 64 GB)",7530,4 GB,64 GB,93814,3984
"POCO F6 5G (Titanium, 256 GB)",24999,12 GB,256 GB,6358,633
"realme P3 Ultra 5G (Neptune Blue, 256 GB)",27999,8 GB,256 GB,853,141
"realme P3 Ultra 5G (Orion Red, 256 GB)",27999,8 GB,256 GB,853,141
"realme P3 Ultra 5G (Glowing Lunar White, 256 GB)",27999,8 GB,256 GB,853,141
"SAMSUNG Galaxy S23 Ultra 5G (Phantom Black, 256 GB)",84990,12 GB,256 GB,3330,305
"Infinix GT 20 Pro (Mecha Silver, 256 GB)",24999,8 GB,256 GB,14069,1091
"Infinix GT 20 Pro (Mecha Orange, 256 GB)",24999,8 GB,256 GB,14069,1091
"Motorola Edge 50 Ultra 5G (Nordic Wood, 512 GB)",49999,12 GB,512 GB,2485,273
Nokia 105,1298,,,3708,236
"IQOO Z9 Lite 5G (Mocha Brown, 128 GB)",13499,6 GB,128 GB,3815,149
"POCO X7 5G (Yellow, 256 GB)",20999,8 GB,256 GB,2695,312
"Apple iPhone 16 Pro Max (White Titanium, 512 GB)",155900,,512 GB,318,17
"realme 70 TURBO 5G (Turbo Green, 128 GB)",14210,6 GB,128 GB,3451,283
"Apple iPhone 16 Pro (White Titanium, 128 GB)",112900,,128 GB,1247,74
"realme NARZO N65 5G (DEEP GREEN, 128 GB)",11550,6 GB,128 GB,2448,114
"REDMI 14C 5G (Stargaze Black, 128 GB)",10499,4 GB,128 GB,740,52
"REDMI Note 14 Pro 5G (Black, 128 GB)",23999,8 GB,128 GB,2327,195
"POCO C61 (Diamond Dust Black, 64 GB)",6975,4 GB,64 GB,93814,3984
"realme C63 5G Charger in the Box (Starry Gold, 128 GB)",12999,8 GB,128 GB,3289,109
"Apple iPhone 16 Plus (White, 128 GB)",84900,,128 GB,759,45
"SAMSUNG Galaxy A05 (Silver, 128 GB)",8498,6 GB,128 GB,960,49
"REDMI Note 14 Pro 5G (Phantom Purple, 128 GB)",23999,8 GB,128 GB,2327,195
"Tecno Pova 6 Neo 5G (Midnight Shadow, 128 GB)",11999,6 GB,128 GB,115,4
"Google Pixel 9 Pro (Hazel, 256 GB)",99999,16 GB,256 GB,341,51
"IQOO Z9S 5G (Onyx Green, 256 GB)",21199,8 GB,256 GB,3604,230
"realme P3 Ultra 5G (Neptune Blue, 128 GB)",26999,8 GB,128 GB,853,141
"POCO M6 Plus 5G (Ice Silver, 128 GB)",11499,8 GB,128 GB,7338,491
"POCO M6 Plus 5G (Ice Silver, 128 GB)",10499,6 GB,128 GB,33372,2060
"REDMI A4 (Sparkle Purple, 128 GB)",9692,4 GB,128 GB,3736,205
"vivo V40e 5G (Royal Bronze, 128 GB)",26999,8 GB,128 GB,7190,516
"vivo V40e 5G (Royal Bronze, 256 GB)",28999,8 GB,256 GB,7190,516
"SAMSUNG S25 5G (Silver Shadow, 256 GB)",80999,12 GB,256 GB,710,112
"realme 14 Pro+ 5G (Pearl White, 256 GB)",34999,12 GB,256 GB,3026,428
"realme 14 Pro+ 5G (Suede Grey, 256 GB)",34999,12 GB,256 GB,3026,428
"REDMI 13C 5G (Startrail Green, 128 GB)",11299,6 GB,128 GB,37707,1625
"realme 14 Pro+ 5G (Bikaner Purple, 128 GB)",29999,8 GB,128 GB,4662,757
"IQOO Z9 LITE 5G (Aqua Flow, 128 GB)",13400,6 GB,128 GB,3815,149
"Google Pixel 9 (Porcelain, 256 GB)",74999,12 GB,256 GB,2506,260
Kechaoda A26_rose gold,898,,16 GB,326,9
"Infinix Zero Flip 5G (Blossom Glow, 512 GB)",49999,8 GB,512 GB,188,53
"Infinix GT 20 Pro (Mecha Orange, 256 GB)",26999,12 GB,256 GB,7895,547
"REDMI 14C 5G (Stargaze Black, 128 GB)",10499,4 GB,128 GB,740,52
"REDMI Note 14 Pro 5G (Black, 128 GB)",23999,8 GB,128 GB,2327,195
"Infinix Zero Flip 5G (Rock Black, 512 GB)",49999,8 GB,512 GB,188,53
"POCO C61 (Ethereal Blue, 64 GB)",7530,4 GB,64 GB,93814,3984
"REDMI Note 14 Pro 5G (Phantom Purple, 128 GB)",23999,8 GB,128 GB,2327,195
LAVA LF9000,1699,,,592,34
"SAMSUNG Galaxy A16 5G (Blue Black, 256 GB)",19999,8 GB,256 GB,1077,70
"SAMSUNG Galaxy A16 5G (Gold, 256 GB)",19999,8 GB,256 GB,1077,70
"REDMI 13C 5G (Startrail Green, 128 GB)",9999,4 GB,128 GB,43048,1750
"REDMI 13C 5G (Starlight Black, 128 GB)",9999,4 GB,128 GB,43048,1750
"realme 14 Pro+ 5G (Suede Grey, 256 GB)",31999,8 GB,256 GB,4662,757
"IQOO Z9 LITE 5G (Mocha Brown, 128 GB)",10800,4 GB,128 GB,2277,118
"Apple iPhone 16 Pro Max (White Titanium, 1 TB)",175900,,,318,17
"realme NARZO N65 5G (AMBER GOLD, 128 GB)",11650,6 GB,128 GB,2448,114
"realme C65 5G (Glowing Black, 128 GB)",11499,4 GB,128 GB,5442,237
"IQOO Z9x (Tornado Green, 128 GB)",11434,4 GB,128 GB,1778,90
Kechaoda K9,1174,,,3474,288
"POCO M6 5G - Locked with Airtel Prepaid (Galactic Black, 128 GB)",8499,4 GB,128 GB,143274,7166
"SAMSUNG Galaxy A16 5G (Gold, 128 GB)",15499,6 GB,128 GB,830,47
"REDMI 13c 5G (Startrail Green, 128 GB)",11175,6 GB,128 GB,37707,1625
"LAVA Glow DS Keypad Mobile, FM Radio, Call Recording,Expandable Upto 32 GB",875,,,600,36
hmd 105 Dual Sim,1047,,,1071,98
"IQOO Z9 LITE 5G (Mocha Brown, 128 GB)",10800,4 GB,128 GB,2277,118
"realme 12x 5G (Twilight Purple, 128 GB)",13499,8 GB,128 GB,51449,1891
"REDMI 14C 5G (Stargaze Black, 128 GB)",10499,4 GB,128 GB,740,52
"REDMI Note 14 Pro 5G (Black, 128 GB)",23999,8 GB,128 GB,2327,195
"realme 12x 5G (Woodland Green, 128 GB)",12499,6 GB,128 GB,104042,4905
"realme 12x 5G (Twilight Purple, 128 GB)",12499,6 GB,128 GB,104042,4905
"Infinix GT 20 Pro (Mecha Blue, 256 GB)",24999,8 GB,256 GB,14069,1091
"Nokia 105 PSS, Keypad Mobile Phone with FM Radio, Memory Card Slot",1699,,,9188,578
"REDMI Note 14 Pro 5G (Phantom Purple, 128 GB)",23999,8 GB,128 GB,2327,195
"POCO C65 (Pastel Blue, 128 GB)",9499,6 GB,128 GB,29607,1440
"realme 14 Pro+ 5G (Pearl White, 256 GB)",34999,12 GB,256 GB,3026,428
"realme 14 Pro+ 5G (Suede Grey, 256 GB)",34999,12 GB,256 GB,3026,428
"Apple iPhone 16e (Black, 256 GB)",69900,,256 GB,310,16
Kechaoda K9,1125,,,3474,288
"SAMSUNG Galaxy A16 5G (Gold, 128 GB)",15499,6 GB,128 GB,830,47
Kechaoda K9,1174,,,3474,288
Kechaoda K9,1125,,,3474,288
"REDMI 13c 5G (Startrail Silver, 128 GB)",12989,6 GB,128 GB,37707,1625
LAVA Gem Power Dual Sim Keypad Phone|2575 mAh Battery| Expandable Upto 32 MB,1615,,,2979,189
"Google Pixel 7 (Lemongrass, 128 GB)",33999,8 GB,128 GB,18283,2026
"Apple iPhone 14 (Starlight, 128 GB)",54999,,128 GB,254421,9875
"POCO X7 5G (Cosmic Silver, 256 GB)",20999,8 GB,256 GB,2695,312
"IQOO Z9 Lite 5G (Mocha Brown, 128 GB)",10585,4 GB,128 GB,2277,118
"Apple iPhone 16 Pro (Natural Titanium, 128 GB)",112900,,128 GB,1247,74
"REDMI A4 (Sparkle Purple, 128 GB)",9692,4 GB,128 GB,3736,205
"realme 13 Pro+ 5G (Monet Purple, 256 GB)",25999,8 GB,256 GB,11333,1160
Nokia 105 Classic with Charger,1399,,,4101,210
"SAMSUNG Galaxy F15 5G (Groovy Violet, 128 GB)",13499,6 GB,128 GB,19377,1436
"REDMI 14C 5G (Stargaze Black, 128 GB)",10499,4 GB,128 GB,740,52
"REDMI Note 14 Pro 5G (Black, 128 GB)",23999,8 GB,128 GB,2327,195
"Nokia 105 Single SIM, Keypad Mobile Phone with Wireless FM Radio",1599,,,144204,8849
"SAMSUNG Galaxy F15 5G (Groovy Violet, 128 GB)",12499,4 GB,128 GB,13346,1075
"REDMI Note 14 Pro 5G (Phantom Purple, 128 GB)",23999,8 GB,128 GB,2327,195
"realme C63 (Leather Blue, 64 GB)",8499,4 GB,64 GB,10449,532
Kechaoda K9,1167,,,3474,288
"SAMSUNG Galaxy A16 5G (Light Green, 128 GB)",16399,8 GB,128 GB,1077,70
"OnePlus Nord 4 5G (Mercurial Silver, 256 GB)",30720,12 GB,256 GB,424,19
Nokia 106,1699,,,3788,211
LAVA LF9000,1699,,,592,34
LAVA LF9000,1699,,,592,34
Jmax DELUXE -9,580,,,124,13
"IQOO Z9 Lite 5G (Mocha Brown, 128 GB)",13499,6 GB,128 GB,3815,149
"POCO M7 Pro 5G (Lunar Dust, 128 GB)",13499,6 GB,128 GB,6528,700
"POCO X7 5G (Cosmic Silver, 128 GB)",18999,8 GB,128 GB,2695,312
"Apple iPhone 16 Pro (White Titanium, 512 GB)",142900,,512 GB,1247,74
"Apple 16 Pro Max (White Titanium, 256 GB)",135900,,256 GB,349,28
"SAMSUNG Galaxy F55 5G (Apricot Crush, 256 GB)",23999,8 GB,256 GB,1632,127
"realme 12x 5G (Coral Red, 128 GB)",12499,6 GB,128 GB,104042,4905
"REDMI 14C 5G (Stargaze Black, 128 GB)",10499,4 GB,128 GB,740,52
"REDMI Note 14 Pro 5G (Black, 128 GB)",23999,8 GB,128 GB,2327,195
"realme 14 Pro+ 5G (Suede Grey, 128 GB)",29999,8 GB,128 GB,4662,757
"vivo X200 Pro 5G (Cosmos Black, 512 GB)",94999,16 GB,512 GB,682,174
"REDMI Note 14 Pro 5G (Phantom Purple, 128 GB)",23999,8 GB,128 GB,2327,195
"POCO X7 Pro 5G (Nebula Green, 256 GB)",27999,12 GB,256 GB,2365,352
"SAMSUNG Galaxy S24 5G (Marble Gray, 128 GB)",74999,8 GB,128 GB,1249,123
"REDMI Note 13 Pro+ 5G (Fusion White, 256 GB)",25258,12 GB,256 GB,10775,972
"POCO F6 5G (Black, 256 GB)",24999,12 GB,256 GB,6358,633
Kechaoda K115,998,,32 GB,39285,2591
"POCO X7 Pro 5G (Yellow, 256 GB)",25999,8 GB,256 GB,4169,786
"OPPO A3 Pro 5G (Starry Black, 256 GB)",18999,8 GB,256 GB,1986,89
"REDMI Note 13 Pro 5G (Scarlet Red, 128 GB)",17499,8 GB,128 GB,36197,2861
Kechaoda K115,988,,,39285,2591
"Google Pixel 9 Pro XL (Hazel, 256 GB)",114999,16 GB,256 GB,640,58
"Apple 15 Plus (Blue, 128 GB)",74900,,128 GB,18893,1085
"realme 13 Pro 5G (Monet Purple, 512 GB)",26999,12 GB,512 GB,710,55
"realme 13 Pro 5G (Emerald Green, 256 GB)",23999,8 GB,256 GB,6483,466
"realme 12x 5G (Coral Red, 128 GB)",13499,8 GB,128 GB,51449,1891
"realme GT 6T 5G (Fluid Silver, 512 GB)",32990,12 GB,512 GB,946,89
"OPPO A3x 5G (Starry Purple, 64 GB)",11499,4 GB,64 GB,2150,93
"vivo Y58 5G (Himalayan Blue, 128 GB)",16300,8 GB,128 GB,734,34
"Google Pixel 7 (Lemongrass, 128 GB)",33999,8 GB,128 GB,18283,2026
"LAVA Yuva Star (Glossy Black, 64 GB)",6749,4 GB,64 GB,676,40
"OPPO A3 Pro 5G (Starry Black, 128 GB)",16999,8 GB,128 GB,1986,89
"IQOO Neo 10R 5G (Raging Blue, 256 GB)",34499,12 GB,256 GB,5,1
"Google Pixel 7a (Sea, 128 GB)",27999,8 GB,128 GB,26564,2640
"SAMSUNG Galaxy Z Fold5 (Icy Blue, 512 GB)",109990,12 GB,512 GB,421,24
"Infinix Note 40 5G (Obsidian Black, 256 GB)",15999,8 GB,256 GB,9889,987
"LAVA Yuva Star (Glossy Black, 64 GB)",6749,4 GB,64 GB,676,40
ringme R1+ JUMBO,1449,,,109,9
"realme GT 6T 5G (Razor Green, 256 GB)",29558,12 GB,256 GB,946,89
"REDMI 14C 5G (Stardust Purple, 128 GB)",11600,6 GB,128 GB,1279,84
"SAMSUNG Galaxy S24 Ultra 5G (Titanium Gray, 256 GB)",119999,12 GB,256 GB,1571,146
"Xiaomi 14 CIVI (Shadow Black, 256 GB)",39999,8 GB,256 GB,1298,161
"Google Pixel 7 (Snow, 128 GB)",33999,8 GB,128 GB,18283,2026
"itel 05i|Leather Finish|4000 Mah Battery|Type C Charging Support (Crystal Blue, 32 GB)",5520,2 GB,32 GB,556,22
"LAVA Yuva Star (GLOSSY LAVENDER, 64 GB)",6640,4 GB,64 GB,676,40
"OnePlus 13 (Midnight Ocean, 512 GB)",72999,16 GB,512 GB,51,6
"REDMI 14C 5G (Starlight Blue, 128 GB)",10499,4 GB,128 GB,740,52
"realme Narzo N65 5G (Deep Green, 128 GB)",12999,8 GB,128 GB,153,8
"Apple Phone 15 (Blue, 512 GB)",94400,,512 GB,85,10
"REDMI A3 (Lake Blue, 128 GB)",8399,6 GB,128 GB,5865,294
"OPPO A3 Pro 5G (Moonlight Purple, 128 GB)",16999,8 GB,128 GB,1986,89
"SAMSUNG Galaxy A36 5G (Awesome Lavender, 256 GB)",36999,12 GB,256 GB,21,3
"realme 13 Pro 5G (Monet Purple, 128 GB)",21999,8 GB,128 GB,6483,466
"realme 13 Pro+ 5G (Monet Gold, 256 GB)",25999,8 GB,256 GB,11333,1160
"vivo V30 Pro 5G (Classic Black, 512 GB)",39999,12 GB,512 GB,2204,257
"vivo Y58 5G (Sundarbans Green, 128 GB)",15510,8 GB,128 GB,734,34
"vivo X200 5G (Cosmos Black, 512 GB)",71999,16 GB,512 GB,149,20
"REDMI 14C 5G (Stargaze Black, 128 GB)",10499,4 GB,128 GB,740,52
"REDMI Note 14 Pro 5G (Black, 128 GB)",23999,8 GB,128 GB,2327,195
"REDMI Note 13 Pro+ 5G (Fusion White, 256 GB)",25258,12 GB,256 GB,10775,972
"vivo Y300 5G (Emerald Green, 128 GB)",21999,8 GB,128 GB,1793,115
"REDMI Note 14 Pro 5G (Phantom Purple, 128 GB)",23999,8 GB,128 GB,2327,195
"SAMSUNG Galaxy A06 (Black, 64 GB)",9999,4 GB,64 GB,40,7
"Nokia 106 4G Keypad Mobile, Long-Lasting Battery, MicroSD Card Slot",2999,,,3475,233
"vivo Y300 5G (Titanium Silver, 128 GB)",21999,8 GB,128 GB,1793,115
"vivo Y300 5G (Phantom Purple, 128 GB)",21999,8 GB,128 GB,1793,115
"REDMI 14C 5G (Stardust Purple, 64 GB)",9499,4 GB,64 GB,740,52
LAVA Keypad Mobile|1000 mAh Battery|Expandable Storage 32GB,979,,,3637,177
"REDMI Note 13 Pro 5G (Midnight Black, 256 GB)",19499,8 GB,256 GB,36197,2861
"realme Narzo N61 (Marble Black, 128 GB)",8990,6 GB,128 GB,1302,56
"IQOO Z9x (Tornado Green, 128 GB)",11434,4 GB,128 GB,1778,90
"REDMI 13c 5G (Starlight Black, 128 GB)",12011,6 GB,128 GB,37707,1625
"SAMSUNG Galaxy A56 5G (Awesome Olive, 256 GB)",44999,8 GB,256 GB,57,4
"vivo X200 Pro 5G (Titanium Grey, 512 GB)",94999,16 GB,512 GB,682,174
"Infinix Note 40 Pro 5G (Vintage Green, 256 GB)",18999,8 GB,256 GB,31556,2136
"POCO X7 Pro 5G (Nebula Green, 256 GB)",27999,12 GB,256 GB,2365,352
"POCO X7 Pro 5G (Nebula Green, 256 GB)",25999,8 GB,256 GB,4169,786
"Apple iPhone 16 Pro Max (White Titanium, 1 TB)",175900,,,318,17
"realme Narzo N65 5G (Deep Green, 128 GB)",12999,8 GB,128 GB,153,8
"vivo V30 5G (Classic Black, 256 GB)",31990,8 GB,256 GB,7827,701
Kechaoda K33,997,,32 GB,10581,609
"REDMI 14C 5G (Stargaze Black, 128 GB)",10499,4 GB,128 GB,740,52
"REDMI Note 14 Pro 5G (Black, 128 GB)",23999,8 GB,128 GB,2327,195
itel it5027,1029,,,2436,145
"OnePlus Nord 4 5G (Obsidian Midnight, 256 GB)",31474,12 GB,256 GB,424,19
"OnePlus 13 (Black Eclipse, 256 GB)",67590,12 GB,256 GB,44,3
"REDMI Note 14 Pro 5G (Phantom Purple, 128 GB)",23999,8 GB,128 GB,2327,195
"Google Pixel 9 Pro XL (Obsidian, 256 GB)",114999,16 GB,256 GB,640,58
itel Power 120 | 2 inch Big Display | 2500 mAh Battery | Kingvoice,1269,,,566,40
"SAMSUNG Galaxy S23 Ultra 5G (Green, 256 GB)",149999,12 GB,256 GB,3330,305
"REDMI Note-13 Pro 5G (Scarlet Red, 256 GB)",21500,8 GB,256 GB,317,21
"vivo X200 Pro 5G (Titanium Grey, 512 GB)",94999,16 GB,512 GB,682,174
"itel A50 (Cyan Blue, 64 GB)",6092,4 GB,64 GB,242,16
"REDMI Note 13 Pro+ 5G (Fusion White, 256 GB)",22499,8 GB,256 GB,18077,1613
"POCO C61 (Mystical Green, 64 GB)",7530,4 GB,64 GB,93814,3984
"realme NARZO 70X 5G (Ice Blue, 128 GB)",14295,8 GB,128 GB,2635,131
"Infinix GT 20 Pro (Mecha Silver, 256 GB)",26999,12 GB,256 GB,7895,547
ringme R1 CIRCLE,999,,,27,2
"REDMI Note 14 5G (Phantom Purple, 128 GB)",17455,6 GB,128 GB,1020,54
"LAVA Yuva 5G (Mystic Blue, 64 GB)",8698,4 GB,64 GB,155,11
"OPPO A3 Pro 5G (Moonlight Purple, 128 GB)",17990,8 GB,128 GB,1986,89
"IQOO Neo 10R 5G (Raging Blue, 128 GB)",28800,8 GB,128 GB,52,6
"REDMI 13c 5G (Startrail Silver, 128 GB)",12989,6 GB,128 GB,37707,1625
"Tecno Spark Go 1 (Magic Skin Green, 64 GB)",6899,3 GB,64 GB,488,25
"SAMSUNG A23 5G (Silver, 128 GB)",16999,8 GB,128 GB,694,30
"realme 13 Pro+ 5G (Monet Gold, 256 GB)",26999,12 GB,256 GB,7358,711
"realme 13 Pro+ 5G (Monet Purple, 512 GB)",28999,12 GB,512 GB,7358,711
"REDMI 14C 5G (Stardust Purple, 64 GB)",9499,4 GB,64 GB,740,52
"REDMI Note 14 Pro 5G (Black, 128 GB)",23999,8 GB,128 GB,2327,195
"Infinix SMART 9 HD (Mint Green, 64 GB)",6699,3 GB,64 GB,939,71
"realme 13 Pro+ 5G (Monet Gold, 512 GB)",28999,12 GB,512 GB,7358,711
"REDMI Note 14 Pro 5G (Phantom Purple, 128 GB)",23999,8 GB,128 GB,2327,195
"SAMSUNG Galaxy S24 FE 5G (Mint, 128 GB)",41515,8 GB,128 GB,695,59
"REDMI Note 14 5G (Phantom Purple, 128 GB)",17455,6 GB,128 GB,1020,54
"REDMI Note 14 5G (Mystique White, 128 GB)",17174,6 GB,128 GB,1020,54
"REDMI 14C 5G (Stardust Purple, 128 GB)",11499,6 GB,128 GB,1279,84
"REDMI Note 14 5G (Mystique White, 128 GB)",18278,8 GB,128 GB,532,43
Kechaoda A27,899,,,13411,794
Kechaoda K112,1475,,,30076,2751
"realme P3 Pro 5G (Saturn Brown, 128 GB)",23999,8 GB,128 GB,1628,183
"Apple iPhone 16 Pro Max (Black Titanium, 1 TB)",175900,,,318,17
itel Power 120 | 2 inch Big Display | 2500 mAh Battery | Kingvoice,1269,,,566,40
"realme P3 Pro 5G (Galaxy Purple, 128 GB)",23999,8 GB,128 GB,1628,183
"realme 13 Pro 5G (Monet Gold, 256 GB)",23999,8 GB,256 GB,6483,466
"realme 13 Pro 5G (Emerald Green, 128 GB)",21999,8 GB,128 GB,6483,466
"SAMSUNG Galaxy M16 5G (Thunder Black, 128 GB)",13775,6 GB,128 GB,106,8
"IQOO Neo 10R 5G (MoonKnight Titanium, 128 GB)",28800,8 GB,128 GB,52,6
"REDMI 14C 5G (Stardust Purple, 64 GB)",9499,4 GB,64 GB,740,52
"REDMI Note 14 Pro 5G (Black, 128 GB)",23999,8 GB,128 GB,2327,195
"Tecno Spark 30C 5G (Aurora Cloud, 64 GB)",9999,4 GB,64 GB,327,16
"realme C65 5G (Glowing Black, 128 GB)",12498,6 GB,128 GB,12677,527
"REDMI Note 14 Pro 5G (Phantom Purple, 128 GB)",23999,8 GB,128 GB,2327,195
"Xiaomi 14 CIVI (Shadow Black, 512 GB)",43999,12 GB,512 GB,591,52
"Tecno Spark 30C 5G (Azure Sky, 64 GB)",9999,4 GB,64 GB,327,16
LAVA A1 josh Bol,980,,,9669,733
"realme C65 5G (Feather Green, 128 GB)",10999,4 GB,128 GB,5442,237
"realme GT 6T 5G (Fluid Silver, 128 GB)",25970,8 GB,128 GB,2518,191
"IQOO Neo 10R 5G (Raging Blue, 256 GB)",33600,8 GB,256 GB,52,6
"REDMI 13C 5G (Startrail Silver, 128 GB)",11299,6 GB,128 GB,37707,1625
"OnePlus Nord 4 5G (Obsidian Midnight, 256 GB)",31474,12 GB,256 GB,424,19
"Google Pixel 7a (Sea, 128 GB)",27999,8 GB,128 GB,26564,2640
"SAMSUNG Galaxy M16 5G (Blush Pink, 128 GB)",13845,6 GB,128 GB,106,8
"SAMSUNG Galaxy M16 5G (Mint Green, 128 GB)",13900,6 GB,128 GB,106,8
"SAMSUNG M15 5G Prime Edition (Stone Grey, 128 GB)",13399,6 GB,128 GB,155,10
"OPPO A3 Pro 5G (Starry Black, 128 GB)",16999,8 GB,128 GB,1986,89
"OPPO A3 Pro 5G (Starry Black, 256 GB)",18999,8 GB,256 GB,1986,89
"OPPO A3 Pro 5G (Moonlight Purple, 128 GB)",16999,8 GB,128 GB,1986,89
"REDMI 12 (Jade Black, 128 GB)",12300,6 GB,128 GB,73855,4396
"REDMI A3 (Midnight Black, 128 GB)",8680,6 GB,128 GB,5865,294
"IQOO Z9 5G (Brushed Green, 256 GB)",18998,8 GB,256 GB,3730,218
"SAMSUNG galaxy M15 5G (Blue Topaz, 128 GB)",13911,8 GB,128 GB,138,9
"REDMI 14C 5G (Stargaze Black, 128 GB)",10499,4 GB,128 GB,740,52
"REDMI Note 14 Pro 5G (Black, 128 GB)",23999,8 GB,128 GB,2327,195
"vivo T2x 5G (Black Gladiator, 128 GB)",12999,6 GB,128 GB,450200,23700
"vivo T2x 5G (Aurora Gold, 128 GB)",12999,6 GB,128 GB,450200,23700
"REDMI Note 14 Pro 5G (Phantom Purple, 128 GB)",23999,8 GB,128 GB,2327,195
"LAVA A3 Torch DS Keypad Phone|1750mAh Big Battery|1.8"" Large Display|Quad Strip Torch",1238,,,63,7
"realme GT 6T 5G (Razor Green, 256 GB)",26700,8 GB,256 GB,2518,191
"SAMSUNG Galaxy S25 5G (Navy, 256 GB)",80999,12 GB,256 GB,670,98
"REDMI Note 14 Pro 5G (Ivy Green, 256 GB)",25999,8 GB,256 GB,2327,195
"REDMI Note 14 Pro 5G (Titan Black, 256 GB)",25999,8 GB,256 GB,2327,195
"REDMI Note 14 Pro 5G (Phantom Purple, 256 GB)",25999,8 GB,256 GB,2327,195
"vivo Y29 5G (Glacier Blue, 128 GB)",15499,6 GB,128 GB,709,29
"vivo T2x 5G (Marine Blue, 128 GB)",15999,8 GB,128 GB,77373,4341
Nokia 105,1299,,,3708,236
"SAMSUNG Galaxy A54 5G (Awesome Graphite, 128 GB)",30999,8 GB,128 GB,4650,385
"Infinix Note 40 Pro+ 5G (Obsidian Black, 256 GB)",21999,12 GB,256 GB,4252,354
"SAMSUNG Glaxy S25 Plus 5G (Navy, 512 GB)",111999,12 GB,512 GB,21,2
Kechaoda A26,888,,16 GB,26341,1518
"POCO F6 5G (Black, 256 GB)",22999,8 GB,256 GB,11805,1068
Nokia 220 DS 4G,3147,,,478,29
"REDMI Note 14 Pro 5G (Ivy Green, 128 GB)",23999,8 GB,128 GB,2327,195
"REDMI Note 14 5G (Titan Black, 128 GB)",17499,6 GB,128 GB,1020,54
"REDMI 14C 5G (Stardust Purple, 128 GB)",10649,4 GB,128 GB,740,52
"POCO M6 5G (Orion Blue, 128 GB)",9999,6 GB,128 GB,49208,2515
"KARBONN K101i Dual SIM,Keypad Mobile,1.8''LCD,1000mAh Battery,TypeC USB,Memory Up to32GB",878,,,44,4
"Google Pixel 8 (Obsidian, 128 GB)",44999,8 GB,128 GB,17945,1405
"REDMI 14C 5G (Stardust Purple, 64 GB)",9499,4 GB,64 GB,740,52
"REDMI Note 14 Pro 5G (Black, 128 GB)",23999,8 GB,128 GB,2327,195
LAVA Gem Power 22,1849,,,9883,822
"SAMSUNG M15 (Blue Topaz, 128 GB)",11945,4 GB,128 GB,234,16
"REDMI Note 14 Pro 5G (Ivy Green, 128 GB)",23999,8 GB,128 GB,2327,195
"itel A50 (Cyan Blue, 64 GB)",6099,3 GB,64 GB,19,0
"realme 14 Pro Lite 5G (Glass Purple, 128 GB)",21999,8 GB,128 GB,78,6
"Infinix Note 40 Pro+ 5G (Vintage Green, 256 GB)",21999,12 GB,256 GB,4252,354
"realme 14 Pro Lite 5G (Glass Gold, 128 GB)",21999,8 GB,128 GB,78,6
"REDMI A3 (Olive Green, 128 GB)",8484,4 GB,128 GB,1751,74
"REDMI 12 (Pastel Blue, 128 GB)",9999,6 GB,128 GB,73855,4396
"IQOO NEO9 PRO (Fiery Red, 256 GB)",39390,12 GB,256 GB,373,27
Kechaoda A27,899,,,13411,794
"realme P1 Pro 5G (hoenix Red, 128 GB)",15999,8 GB,128 GB,29993,1959
"SAMSUNG Galaxy A16 5G (Light Green, 128 GB)",15490,6 GB,128 GB,830,47
"POCO X3 Pro (Steel Blue, 128 GB)",18999,6 GB,128 GB,138285,12343
"OPPO F27 Pro+ (Midnight Navy, 256 GB)",27999,8 GB,256 GB,4074,205
"Xiaomi 14 CIVI (Matcha Green, 256 GB)",39999,8 GB,256 GB,1298,161
"POCO X3 Pro (Graphite Black, 128 GB)",18999,6 GB,128 GB,138285,12343
"POCO X3 Pro (Graphite Black, 128 GB)",20999,8 GB,128 GB,57321,5356
"SAMSUNG Galaxy S23 FE (Mint, 128 GB)",34999,8 GB,128 GB,69887,4312
"SAMSUNG M15 (Celestial Blue, 128 GB)",11919,4 GB,128 GB,234,16
"REDMI 14C 5G (Stargaze Black, 128 GB)",10499,4 GB,128 GB,740,52
"REDMI Note 14 Pro 5G (Black, 128 GB)",23999,8 GB,128 GB,2327,195
"OPPO F27 Pro+ (Midnight Navy, 256 GB)",27999,8 GB,256 GB,4074,205
"Google Pixel 9 Pro (Porcelain, 256 GB)",99999,16 GB,256 GB,341,51
"vivo V40 Pro 5G (Titanium Grey, 512 GB)",55999,12 GB,512 GB,826,98
"REDMI Note 14 Pro+ 5G (Spectre Blue, 512 GB)",34999,12 GB,512 GB,1135,135
"REDMI Note 14 Pro 5G (Phantom Purple, 128 GB)",23999,8 GB,128 GB,2327,195
"itel Color Pro 5G (River Blue, 128 GB)",9115,6 GB,128 GB,135,12
"Infinix HOT 40i (Gold, 256 GB)",9999,8 GB,256 GB,22341,1318
"SAMSUNG Galaxy A56 5G (Awesome Olive, 256 GB)",47999,12 GB,256 GB,38,6
"REDMI Note 13 Pro 5G (Scarlet Red, 128 GB)",19489,8 GB,128 GB,36197,2861
"realme 14 Pro+ 5G (Suede Grey, 512 GB)",37999,12 GB,512 GB,3026,428
"itel A80 (Sandstone Black, 128 GB)",7890,4 GB,128 GB,219,8
"I Kall K130 Multimedia Feature Keypad Mobile with (1.8"" Display & 1000mAh Battery)",664,,,40,4
"Tecno Spark 30C 5G (Azure Sky, 128 GB)",12999,8 GB,128 GB,20,1
"SAMSUNG Galaxy A25 5G (Blue Black, 128 GB)",19270,8 GB,128 GB,285,13
"realme 14 Pro Lite 5G (Glass Purple, 128 GB)",21999,8 GB,128 GB,78,6
"realme 14 Pro Lite 5G (Glass Purple, 256 GB)",23999,8 GB,256 GB,78,6
"realme 14 Pro Lite 5G (Glass Gold, 128 GB)",21999,8 GB,128 GB,78,6
Jmax DELUXE 6,549,,,394,34
Jmax Deluxe 6,580,,,394,34
"SAMSUNG Galaxy A56 5G (Awesome Graphite, 256 GB)",47999,12 GB,256 GB,38,6
"SAMSUNG M15 (Blue Topaz, 128 GB)",11945,4 GB,128 GB,234,16
"vivo V29e 5G (Artistic Blue, 256 GB)",27999,8 GB,256 GB,20361,1753
